{
  "command": "uv run python scripts/run_experiments.py --seed 123",
  "experiment_id": "E3_carrier_importance",
  "git_commit": "28bab1911bd991db920ab7b6906bbec8e81c458d",
  "hardware": {
    "machine": "x86_64",
    "processor": "",
    "python": "3.12.13",
    "system": "Linux"
  },
  "hypothesis": "H3",
  "metrics": {
    "activation_topk_overlap": 0.3333333333333333,
    "causal_scores": [
      6.977153128076797,
      5.650218260105975,
      5.418112309457607,
      4.156690937764102,
      3.923388211248838,
      3.2152094126939526,
      0.11968882740796138,
      0.0037087523122720043,
      0.00989694688654778,
      0.02536480177597699,
      0.00972960683699279,
      0.07326557905839907,
      0.007443603610380376,
      0.011737775623486579,
      0.0018769312115016765,
      0.047131103652126444,
      0.03226297984457586,
      0.043878573132407894,
      0.0017252783939079724,
      0.001000409854947571,
      0.046189348857403195,
      0.027857698364803715,
      0.002843817090980736,
      0.006751490792165974,
      0.028309669035292834,
      0.003403273877106352,
      0.008525767604921486,
      0.0029658308602397137,
      0.005227606366580147,
      2.5564838618410447e-05,
      0.00013338438185246226,
      3.8970781481502924e-05,
      2.0234871224780737e-07,
      0.00085263607201971,
      0.11617546336696039,
      0.03272913517850941,
      0.032110282986778926,
      0.00023116557338220822,
      0.02490246557754627,
      0.027409982296031032,
      3.5518173122014995e-06,
      0.10988899549497844,
      0.002719374463506157,
      0.026853540718994283,
      0.011850987906546536,
      0.0010395405807018705,
      0.0021552689744813516,
      0.05954846400744651
    ],
    "causal_topk_overlap": 1.0,
    "gradient_topk_overlap": 1.0,
    "precision_policies": {
      "activation_fp32_protected": {
        "mse": 0.4075819153358901,
        "total_bytes": 84.0
      },
      "causal_fp32_protected": {
        "mse": 0.43923089400815446,
        "total_bytes": 84.0
      },
      "full_fp32": {
        "mse": 0.0,
        "total_bytes": 192.0
      },
      "gradient_fp32_protected": {
        "mse": 0.43923089400815446,
        "total_bytes": 84.0
      },
      "random_fp32_protected": {
        "mse": 0.38786868378152944,
        "total_bytes": 84.0
      },
      "sparse_fp32_residual": {
        "mse": 0.43923089400815446,
        "total_bytes": 84.0
      },
      "uniform_int4": {
        "mse": 0.4769362502082297,
        "total_bytes": 36.0
      }
    },
    "random_topk_overlap": 0.0
  },
  "notes": "Linear causal carrier task with random-protection and sparse-residual controls.",
  "recorded_at_unix": 1781952964.7409708,
  "seed": 123,
  "status": "completed"
}
