{
  "command": "uv run python scripts/run_experiments.py --seed 123",
  "experiment_id": "E3b_output_error_selected_precision",
  "git_commit": "uncommitted",
  "hardware": {
    "machine": "x86_64",
    "processor": "",
    "python": "3.12.13",
    "system": "Linux"
  },
  "hypothesis": "H3",
  "metrics": {
    "group_size": 8,
    "output_error_scores": [
      0.07673322085578406,
      0.06796587461152784,
      0.0487550818263086,
      0.07483393200943307,
      0.059868504324098945,
      0.05815509515348104,
      0.07600835130790429,
      0.07450182102159464,
      0.07660083347699889,
      0.07679258034970586,
      0.07672883827015078,
      0.07667959878525901,
      0.07673322085578406,
      0.07658072724483339,
      0.07660105349552793,
      0.07661271738899753,
      0.07671467142335336,
      0.07663763890674764,
      0.07666391655180975,
      0.07680545559131986,
      0.07677862922033785,
      0.07673322085578406,
      0.07668914583163061,
      0.07680272314138308,
      0.07673497198031717,
      0.07658619381936235,
      0.0767332209893706,
      0.07661888557502598,
      0.07658396011988995,
      0.07673391095475843,
      0.07673310364596198,
      0.07669415118664913,
      0.07677647224482329,
      0.0763779533665122,
      0.07668295902903524,
      0.07657378219901095,
      0.07673322085578406,
      0.07662211266971308,
      0.07688875813987917,
      0.0765494625958549,
      0.07663099280968623,
      0.07663897867025954,
      0.07673322085578406,
      0.0767674129186349,
      0.07652295210495327,
      0.07695578544962361,
      0.07668191997116706,
      0.07673349035504337
    ],
    "precision_policies": {
      "full_fp32": {
        "mse": 0.0,
        "total_bytes": 192.0
      },
      "groupwise_int4": {
        "mse": 0.06760594897900837,
        "total_bytes": 96.0
      },
      "output_error_fp32_protected": {
        "mse": 0.0021907891811513,
        "total_bytes": 144.0
      },
      "random_fp32_protected_best": {
        "mse": 0.04457286686587479,
        "total_bytes": 144.0
      },
      "random_fp32_protected_mean": {
        "mse": 0.060586083184924845,
        "total_bytes": 144.0
      },
      "sparse_fp32_residual": {
        "mse": 0.0021907891811513,
        "total_bytes": 144.0
      },
      "uniform_int4": {
        "mse": 0.4275842484331721,
        "total_bytes": 36.0
      }
    },
    "random_trials": 24,
    "selected_indices": [
      1,
      2,
      3,
      4,
      5,
      7
    ],
    "true_carrier_overlap": 0.8333333333333334
  },
  "notes": "Groupwise int4 and validation-output-error-selected FP32 carrier protection with random controls.",
  "recorded_at_unix": 1781952213.8000565,
  "seed": 123,
  "status": "completed"
}
