{
  "command": "uv run python scripts/run_experiments.py --seed 123",
  "experiment_id": "E3d_trained_tiny_transformer_precision",
  "git_commit": "28bab1911bd991db920ab7b6906bbec8e81c458d",
  "hardware": {
    "machine": "x86_64",
    "processor": "",
    "python": "3.12.13",
    "system": "Linux"
  },
  "hypothesis": "H3",
  "metrics": {
    "model": {
      "architecture": "trained_tiny_transformer_lm",
      "d_model": 24,
      "quantized_tensor": "lm_head_rows",
      "sequence_length": 12,
      "trained_component": "lm_head_ridge_regression",
      "vocab_size": 32
    },
    "notes": "Fixed tiny transformer features with ridge-trained output head. Precision selection uses train prompts and evaluation uses disjoint held-out prompts.",
    "precision_policies": {
      "full_fp32": {
        "heldout_accuracy": 0.9830729166666666,
        "heldout_kl_divergence": 0.0,
        "heldout_logit_mse": 0.0,
        "heldout_nll": 1.920148982379515,
        "total_bytes": 3072.0
      },
      "groupwise_int4": {
        "heldout_accuracy": 0.9739583333333334,
        "heldout_kl_divergence": 0.0030293474896632227,
        "heldout_logit_mse": 0.005909478310138795,
        "heldout_nll": 1.9147065165254589,
        "total_bytes": 768.0
      },
      "output_error_fp32_protected": {
        "heldout_accuracy": 0.9817708333333334,
        "heldout_kl_divergence": 0.0016895514163360987,
        "heldout_logit_mse": 0.0033839988086651527,
        "heldout_nll": 1.9100719092735883,
        "total_bytes": 1368.0
      },
      "random_fp32_protected_best": {
        "heldout_logit_mse": 0.004122526124062567,
        "heldout_nll": 1.909232282230273,
        "total_bytes": 1368.0
      },
      "random_fp32_protected_mean": {
        "heldout_logit_mse": 0.004832735641636123,
        "heldout_nll": 1.9161703280816622,
        "total_bytes": 1368.0
      },
      "uniform_int4": {
        "heldout_accuracy": 0.97265625,
        "heldout_kl_divergence": 0.008145875498520956,
        "heldout_logit_mse": 0.01753265884694199,
        "heldout_nll": 1.9418577143075133,
        "total_bytes": 396.0
      }
    },
    "protected_count": 6,
    "row_output_error_scores": [
      0.005814086021458863,
      0.005932773742470526,
      0.005940457859179997,
      0.0059338386545660865,
      0.005863332154565333,
      0.005994223449712153,
      0.005994223449712153,
      0.005994223449712153,
      0.005994223449712153,
      0.005855807140220163,
      0.005417636432770248,
      0.0058791446995579465,
      0.0057231660876034315,
      0.005803526236003811,
      0.005622862238473764,
      0.0058594595495482914,
      0.005458076371437513,
      0.005727473780106842,
      0.005832922468065058,
      0.0058623110159421185,
      0.005812549290755954,
      0.005727259496087444,
      0.0058947070710639845,
      0.005928583293452538,
      0.0056150193841561745,
      0.00570585430922445,
      0.0058383590632448456,
      0.0058233052249354565,
      0.005692019457157343,
      0.005684517904130586,
      0.0058246331626130975,
      0.005815278567628491
    ],
    "selected_rows": [
      10,
      14,
      16,
      24,
      28,
      29
    ],
    "training": {
      "heldout_prompts": 64,
      "target_rule": "next_token_is_current_token_plus_one_mod_vocab",
      "train_prompts": 96,
      "trained_heldout_accuracy": 0.9830729166666666,
      "trained_heldout_nll": 1.920148982379515,
      "untrained_heldout_nll": 4.417144358701755
    }
  },
  "notes": "Ridge-trained tiny transformer-style LM output-head precision allocation evaluated on held-out prompts.",
  "recorded_at_unix": 1781952964.742444,
  "seed": 123,
  "status": "completed"
}
