{
  "command": "uv run python scripts/run_experiments.py --seed 123",
  "experiment_id": "E4_component_lookup",
  "git_commit": "28bab1911bd991db920ab7b6906bbec8e81c458d",
  "hardware": {
    "machine": "x86_64",
    "processor": "",
    "python": "3.12.13",
    "system": "Linux"
  },
  "hypothesis": "H4",
  "metrics": {
    "1024": {
      "cached_previous": {
        "cache_hit_rate": 0.0,
        "index_memory_bytes": 131072.0,
        "latency_ms_p50": 0.016883015632629395,
        "latency_ms_p95": 0.017409009160473943,
        "recall_at_1": 1.0
      },
      "dense_topk": {
        "cache_hit_rate": 0.0,
        "index_memory_bytes": 131072.0,
        "latency_ms_p50": 0.01742401218507439,
        "latency_ms_p95": 0.018167513189837337,
        "recall_at_1": 1.0
      },
      "exact_vector": {
        "cache_hit_rate": 0.0,
        "index_memory_bytes": 131072.0,
        "latency_ms_p50": 0.014527991879731417,
        "latency_ms_p95": 0.014814009773544967,
        "recall_at_1": 1.0
      },
      "hash_routing": {
        "cache_hit_rate": 0.0,
        "index_memory_bytes": 9216.0,
        "latency_ms_p50": 0.02457249502185732,
        "latency_ms_p95": 0.025922752683982253,
        "recall_at_1": 0.64453125
      },
      "tree_centroid": {
        "cache_hit_rate": 0.0,
        "index_memory_bytes": 4096.0,
        "latency_ms_p50": 0.007675000233575702,
        "latency_ms_p95": 0.00826598989078775,
        "recall_at_1": 0.1796875
      }
    },
    "128": {
      "cached_previous": {
        "cache_hit_rate": 0.0,
        "index_memory_bytes": 16384.0,
        "latency_ms_p50": 0.004679503035731614,
        "latency_ms_p95": 0.004863999492954463,
        "recall_at_1": 1.0
      },
      "dense_topk": {
        "cache_hit_rate": 0.0,
        "index_memory_bytes": 16384.0,
        "latency_ms_p50": 0.002535001840442419,
        "latency_ms_p95": 0.0026275156415067613,
        "recall_at_1": 1.0
      },
      "exact_vector": {
        "cache_hit_rate": 0.0,
        "index_memory_bytes": 16384.0,
        "latency_ms_p50": 0.003116001607850194,
        "latency_ms_p95": 0.0031962626962922513,
        "recall_at_1": 1.0
      },
      "hash_routing": {
        "cache_hit_rate": 0.0,
        "index_memory_bytes": 2048.0,
        "latency_ms_p50": 0.008316506864503026,
        "latency_ms_p95": 0.008672010153532028,
        "recall_at_1": 0.78515625
      },
      "tree_centroid": {
        "cache_hit_rate": 0.0,
        "index_memory_bytes": 1408.0,
        "latency_ms_p50": 0.0046889763325452805,
        "latency_ms_p95": 0.004820001777261496,
        "recall_at_1": 0.640625
      }
    },
    "16": {
      "cached_previous": {
        "cache_hit_rate": 0.0,
        "index_memory_bytes": 2048.0,
        "latency_ms_p50": 0.00347601599059999,
        "latency_ms_p95": 0.0036852434277534485,
        "recall_at_1": 1.0
      },
      "dense_topk": {
        "cache_hit_rate": 0.0,
        "index_memory_bytes": 2048.0,
        "latency_ms_p50": 0.0016530102584511042,
        "latency_ms_p95": 0.0017732527339830995,
        "recall_at_1": 1.0
      },
      "exact_vector": {
        "cache_hit_rate": 0.0,
        "index_memory_bytes": 2048.0,
        "latency_ms_p50": 0.0018739956431090832,
        "latency_ms_p95": 0.0019862345652654767,
        "recall_at_1": 1.0
      },
      "hash_routing": {
        "cache_hit_rate": 0.0,
        "index_memory_bytes": 1152.0,
        "latency_ms_p50": 0.0066029897425323725,
        "latency_ms_p95": 0.006898997526150197,
        "recall_at_1": 0.98046875
      },
      "tree_centroid": {
        "cache_hit_rate": 0.0,
        "index_memory_bytes": 512.0,
        "latency_ms_p50": 0.004268018528819084,
        "latency_ms_p95": 0.0044215048546902835,
        "recall_at_1": 0.90234375
      }
    }
  },
  "notes": "CPU isolated lookup benchmark; complete routed execution remains future work.",
  "recorded_at_unix": 1781952964.74431,
  "seed": 123,
  "status": "completed"
}
