{
  "command": "uv run python scripts/run_experiments.py --seed 123",
  "experiment_id": "E4b_routed_execution",
  "git_commit": "uncommitted",
  "hardware": {
    "machine": "x86_64",
    "processor": "",
    "python": "3.12.13",
    "system": "Linux"
  },
  "hypothesis": "H4",
  "metrics": {
    "128": {
      "cached_exact_index": {
        "authorized_candidates": 102.0,
        "cache_entries": 192.0,
        "cache_hit_rate": 0.5,
        "component_bytes": 16384.0,
        "end_to_end_ms_p50": 0.007564492989331484,
        "end_to_end_ms_p95": 0.011332012945786119,
        "index_memory_bytes": 16384.0,
        "recall_at_1": 1.0,
        "stage_authorization_ms_p50": 0.0003099848981946707,
        "stage_authorization_ms_p95": 0.0003500026650726795,
        "stage_cache_ms_p50": 0.0001100124791264534,
        "stage_cache_ms_p95": 0.00018998980522155762,
        "stage_dispatch_ms_p50": 0.0011774973245337605,
        "stage_dispatch_ms_p95": 0.0013030075933784246,
        "stage_lookup_ms_p50": 0.0009814975783228874,
        "stage_lookup_ms_p95": 0.00214401661651209,
        "stage_reconstruction_ms_p50": 0.0012324890121817589,
        "stage_reconstruction_ms_p95": 0.004344996705185621,
        "stage_transfer_ms_p50": 0.0003004970494657755,
        "stage_transfer_ms_p95": 0.0010005140211433168
      },
      "dense_router": {
        "authorized_candidates": 102.0,
        "cache_entries": 0.0,
        "cache_hit_rate": 0.0,
        "component_bytes": 16384.0,
        "end_to_end_ms_p50": 0.01245399471372366,
        "end_to_end_ms_p95": 0.012813501234631985,
        "index_memory_bytes": 16384.0,
        "recall_at_1": 1.0,
        "stage_authorization_ms_p50": 0.00033000833354890347,
        "stage_authorization_ms_p95": 0.00036100391298532486,
        "stage_cache_ms_p50": 5.00003807246685e-05,
        "stage_cache_ms_p95": 7.001945050433278e-05,
        "stage_dispatch_ms_p50": 0.0011730007827281952,
        "stage_dispatch_ms_p95": 0.0012530072126537561,
        "stage_lookup_ms_p50": 0.005360983777791262,
        "stage_lookup_ms_p95": 0.005478640377987176,
        "stage_reconstruction_ms_p50": 0.002335000317543745,
        "stage_reconstruction_ms_p95": 0.002394983312115073,
        "stage_transfer_ms_p50": 0.0006510235834866762,
        "stage_transfer_ms_p95": 0.0008296527084894475
      },
      "exact_index": {
        "authorized_candidates": 102.0,
        "cache_entries": 0.0,
        "cache_hit_rate": 0.0,
        "component_bytes": 16384.0,
        "end_to_end_ms_p50": 0.008973001968115568,
        "end_to_end_ms_p95": 0.009918505384121088,
        "index_memory_bytes": 16384.0,
        "recall_at_1": 1.0,
        "stage_authorization_ms_p50": 0.00032101524993777275,
        "stage_authorization_ms_p95": 0.0003995199222117659,
        "stage_cache_ms_p50": 5.00003807246685e-05,
        "stage_cache_ms_p95": 0.0001085107214748856,
        "stage_dispatch_ms_p50": 0.0011520169209688902,
        "stage_dispatch_ms_p95": 0.0012806456652469929,
        "stage_lookup_ms_p50": 0.0019930012058466673,
        "stage_lookup_ms_p95": 0.002184005279559642,
        "stage_reconstruction_ms_p50": 0.0021939922589808702,
        "stage_reconstruction_ms_p95": 0.002373999450355768,
        "stage_transfer_ms_p50": 0.0006610061973333359,
        "stage_transfer_ms_p95": 0.0012614924344234164
      },
      "hash_index": {
        "authorized_candidates": 102.0,
        "cache_entries": 0.0,
        "cache_hit_rate": 0.0,
        "component_bytes": 16384.0,
        "end_to_end_ms_p50": 0.01952800084836781,
        "end_to_end_ms_p95": 0.020276838040445,
        "index_memory_bytes": 3072.0,
        "recall_at_1": 0.9479166666666666,
        "stage_authorization_ms_p50": 0.00031100353226065636,
        "stage_authorization_ms_p95": 0.0003508437657728791,
        "stage_cache_ms_p50": 5.00003807246685e-05,
        "stage_cache_ms_p95": 6.999471224844456e-05,
        "stage_dispatch_ms_p50": 0.0011629890650510788,
        "stage_dispatch_ms_p95": 0.0012030024663545191,
        "stage_lookup_ms_p50": 0.012529504601843655,
        "stage_lookup_ms_p95": 0.013072854198981076,
        "stage_reconstruction_ms_p50": 0.0022840104065835476,
        "stage_reconstruction_ms_p95": 0.002335000317543745,
        "stage_transfer_ms_p50": 0.0006710179150104523,
        "stage_transfer_ms_p95": 0.0009220093488693237
      }
    },
    "2048": {
      "cached_exact_index": {
        "authorized_candidates": 1638.0,
        "cache_entries": 192.0,
        "cache_hit_rate": 0.5,
        "component_bytes": 16384.0,
        "end_to_end_ms_p50": 0.00623198866378516,
        "end_to_end_ms_p95": 0.009734513878356665,
        "index_memory_bytes": 262144.0,
        "recall_at_1": 1.0,
        "stage_authorization_ms_p50": 0.000300002284348011,
        "stage_authorization_ms_p95": 0.00032101088436320424,
        "stage_cache_ms_p50": 9.001814760267735e-05,
        "stage_cache_ms_p95": 0.00017100974218919873,
        "stage_dispatch_ms_p50": 0.000820989953354001,
        "stage_dispatch_ms_p95": 0.000981992343440652,
        "stage_lookup_ms_p50": 0.001838488969951868,
        "stage_lookup_ms_p95": 0.003935518907383084,
        "stage_reconstruction_ms_p50": 0.0008665083441883326,
        "stage_reconstruction_ms_p95": 0.0021640153136104345,
        "stage_transfer_ms_p50": 0.00023050233721733093,
        "stage_transfer_ms_p95": 0.0006110058166086674
      },
      "dense_router": {
        "authorized_candidates": 1638.0,
        "cache_entries": 0.0,
        "cache_hit_rate": 0.0,
        "component_bytes": 16384.0,
        "end_to_end_ms_p50": 0.0242569949477911,
        "end_to_end_ms_p95": 0.025478327006567263,
        "index_memory_bytes": 262144.0,
        "recall_at_1": 1.0,
        "stage_authorization_ms_p50": 0.00031100353226065636,
        "stage_authorization_ms_p95": 0.00035099219530820847,
        "stage_cache_ms_p50": 4.001776687800884e-05,
        "stage_cache_ms_p95": 5.101901479065418e-05,
        "stage_dispatch_ms_p50": 0.00082197948358953,
        "stage_dispatch_ms_p95": 0.0008920032996684313,
        "stage_lookup_ms_p50": 0.01891700958367437,
        "stage_lookup_ms_p95": 0.019626504217740145,
        "stage_reconstruction_ms_p50": 0.0017629936337471008,
        "stage_reconstruction_ms_p95": 0.0018430000636726618,
        "stage_transfer_ms_p50": 0.0005309993866831064,
        "stage_transfer_ms_p95": 0.0007310009095817804
      },
      "exact_index": {
        "authorized_candidates": 1638.0,
        "cache_entries": 0.0,
        "cache_hit_rate": 0.0,
        "component_bytes": 16384.0,
        "end_to_end_ms_p50": 0.008927512681111693,
        "end_to_end_ms_p95": 0.009280368976760654,
        "index_memory_bytes": 262144.0,
        "recall_at_1": 1.0,
        "stage_authorization_ms_p50": 0.0002910092007368803,
        "stage_authorization_ms_p95": 0.00032101088436320424,
        "stage_cache_ms_p50": 3.998866304755211e-05,
        "stage_cache_ms_p95": 4.100729711353779e-05,
        "stage_dispatch_ms_p50": 0.0008119968697428703,
        "stage_dispatch_ms_p95": 0.0008419985533691943,
        "stage_lookup_ms_p50": 0.0037470017559826374,
        "stage_lookup_ms_p95": 0.003856985131278634,
        "stage_reconstruction_ms_p50": 0.0017529819160699844,
        "stage_reconstruction_ms_p95": 0.0018040009308606386,
        "stage_transfer_ms_p50": 0.00047101639211177826,
        "stage_transfer_ms_p95": 0.0005994923412799831
      },
      "hash_index": {
        "authorized_candidates": 1638.0,
        "cache_entries": 0.0,
        "cache_hit_rate": 0.0,
        "component_bytes": 16384.0,
        "end_to_end_ms_p50": 0.049280482926405966,
        "end_to_end_ms_p95": 0.05077650857856497,
        "index_memory_bytes": 26112.0,
        "recall_at_1": 0.71875,
        "stage_authorization_ms_p50": 0.00031100353226065636,
        "stage_authorization_ms_p95": 0.00033864635042846176,
        "stage_cache_ms_p50": 3.998866304755211e-05,