{
  "command": "uv run python scripts/run_experiments.py --seed 123",
  "experiment_id": "E4b_routed_execution",
  "git_commit": "28bab1911bd991db920ab7b6906bbec8e81c458d",
  "hardware": {
    "machine": "x86_64",
    "processor": "",
    "python": "3.12.13",
    "system": "Linux"
  },
  "hypothesis": "H4",
  "metrics": {
    "128": {
      "cached_exact_index": {
        "authorized_candidates": 102.0,
        "cache_entries": 192.0,
        "cache_hit_rate": 0.5,
        "component_bytes": 16384.0,
        "end_to_end_ms_p50": 0.007248483598232269,
        "end_to_end_ms_p95": 0.009687512647360562,
        "index_memory_bytes": 16384.0,
        "recall_at_1": 1.0,
        "stage_authorization_ms_p50": 0.00031999661587178707,
        "stage_authorization_ms_p95": 0.0003510169335640967,
        "stage_cache_ms_p50": 0.00011999509297311306,
        "stage_cache_ms_p95": 0.0001999971573241055,
        "stage_dispatch_ms_p50": 0.0011830125004053116,
        "stage_dispatch_ms_p95": 0.0012606513337232168,
        "stage_lookup_ms_p50": 0.0010119983926415443,
        "stage_lookup_ms_p95": 0.0022348511265590787,
        "stage_reconstruction_ms_p50": 0.0010920048225671053,
        "stage_reconstruction_ms_p95": 0.0023750137188471854,
        "stage_transfer_ms_p50": 0.0003105087671428919,
        "stage_transfer_ms_p95": 0.0007920025382190943
      },
      "dense_router": {
        "authorized_candidates": 102.0,
        "cache_entries": 0.0,
        "cache_hit_rate": 0.0,
        "component_bytes": 16384.0,
        "end_to_end_ms_p50": 0.01267399056814611,
        "end_to_end_ms_p95": 0.013595487689599393,
        "index_memory_bytes": 16384.0,
        "recall_at_1": 1.0,
        "stage_authorization_ms_p50": 0.00031999661587178707,
        "stage_authorization_ms_p95": 0.0003886423655785617,
        "stage_cache_ms_p50": 5.00003807246685e-05,
        "stage_cache_ms_p95": 0.00010998337529599667,
        "stage_dispatch_ms_p50": 0.0011720112524926662,
        "stage_dispatch_ms_p95": 0.001332836109213531,
        "stage_lookup_ms_p50": 0.005351001163944602,
        "stage_lookup_ms_p95": 0.005599352880381048,
        "stage_reconstruction_ms_p50": 0.0023040047381073236,
        "stage_reconstruction_ms_p95": 0.002421990211587399,
        "stage_transfer_ms_p50": 0.0008765055099502206,
        "stage_transfer_ms_p95": 0.0013319950085133314
      },
      "exact_index": {
        "authorized_candidates": 102.0,
        "cache_entries": 0.0,
        "cache_hit_rate": 0.0,
        "component_bytes": 16384.0,
        "end_to_end_ms_p50": 0.009148003300651908,
        "end_to_end_ms_p95": 0.009806005982682109,
        "index_memory_bytes": 16384.0,
        "recall_at_1": 1.0,
        "stage_authorization_ms_p50": 0.000320986146107316,
        "stage_authorization_ms_p95": 0.0003709865268319845,
        "stage_cache_ms_p50": 5.00003807246685e-05,
        "stage_cache_ms_p95": 6.00120984017849e-05,
        "stage_dispatch_ms_p50": 0.0011730007827281952,
        "stage_dispatch_ms_p95": 0.0012506396160461004,
        "stage_lookup_ms_p50": 0.002083979779854417,
        "stage_lookup_ms_p95": 0.0022126623662188645,
        "stage_reconstruction_ms_p50": 0.00229949364438653,
        "stage_reconstruction_ms_p95": 0.0023840111680328846,
        "stage_transfer_ms_p50": 0.0006664922693744302,
        "stage_transfer_ms_p95": 0.001163013803306967
      },
      "hash_index": {
        "authorized_candidates": 102.0,
        "cache_entries": 0.0,
        "cache_hit_rate": 0.0,
        "component_bytes": 16384.0,
        "end_to_end_ms_p50": 0.019984014215879142,
        "end_to_end_ms_p95": 0.021329353330656872,
        "index_memory_bytes": 3072.0,
        "recall_at_1": 0.9479166666666666,
        "stage_authorization_ms_p50": 0.0003200257197022438,
        "stage_authorization_ms_p95": 0.0003909808583557606,
        "stage_cache_ms_p50": 5.00003807246685e-05,
        "stage_cache_ms_p95": 8.084753062576051e-05,
        "stage_dispatch_ms_p50": 0.0011920055840164423,
        "stage_dispatch_ms_p95": 0.0013228534953668714,
        "stage_lookup_ms_p50": 0.012714503100141883,
        "stage_lookup_ms_p95": 0.01357384317088872,
        "stage_reconstruction_ms_p50": 0.002315005986019969,
        "stage_reconstruction_ms_p95": 0.0024234919692389663,
        "stage_transfer_ms_p50": 0.0006810005288571119,
        "stage_transfer_ms_p95": 0.0010605013812892135
      }
    },
    "2048": {
      "cached_exact_index": {
        "authorized_candidates": 1638.0,
        "cache_entries": 192.0,
        "cache_hit_rate": 0.5,
        "component_bytes": 16384.0,
        "end_to_end_ms_p50": 0.006026501068845391,
        "end_to_end_ms_p95": 0.010245494195260106,
        "index_memory_bytes": 262144.0,
        "recall_at_1": 1.0,
        "stage_authorization_ms_p50": 0.00030099181458353996,
        "stage_authorization_ms_p95": 0.00032101524993777275,
        "stage_cache_ms_p50": 9.001814760267735e-05,
        "stage_cache_ms_p95": 0.0001886408426798877,
        "stage_dispatch_ms_p50": 0.0008309871191158891,
        "stage_dispatch_ms_p95": 0.0009496478014625606,
        "stage_lookup_ms_p50": 0.0017234997358173132,
        "stage_lookup_ms_p95": 0.0036440018448047336,
        "stage_reconstruction_ms_p50": 0.0008014903869479895,
        "stage_reconstruction_ms_p95": 0.003018487768713383,
        "stage_transfer_ms_p50": 0.00023549364414066076,
        "stage_transfer_ms_p95": 0.000600994098931551
      },
      "dense_router": {
        "authorized_candidates": 1638.0,
        "cache_entries": 0.0,
        "cache_hit_rate": 0.0,
        "component_bytes": 16384.0,
        "end_to_end_ms_p50": 0.023786007659509778,
        "end_to_end_ms_p95": 0.024754507467150678,
        "index_memory_bytes": 262144.0,
        "recall_at_1": 1.0,
        "stage_authorization_ms_p50": 0.000320986146107316,
        "stage_authorization_ms_p95": 0.00038102298276498914,
        "stage_cache_ms_p50": 3.998866304755211e-05,
        "stage_cache_ms_p95": 5.998299457132816e-05,
        "stage_dispatch_ms_p50": 0.00082197948358953,
        "stage_dispatch_ms_p95": 0.0008920032996684313,
        "stage_lookup_ms_p50": 0.018256017938256264,
        "stage_lookup_ms_p95": 0.01872134744189679,
        "stage_reconstruction_ms_p50": 0.0017929996829479933,
        "stage_reconstruction_ms_p95": 0.0018640130292624235,
        "stage_transfer_ms_p50": 0.0006610061973333359,
        "stage_transfer_ms_p95": 0.0009496478014625606
      },
      "exact_index": {
        "authorized_candidates": 1638.0,
        "cache_entries": 0.0,
        "cache_hit_rate": 0.0,
        "component_bytes": 16384.0,
        "end_to_end_ms_p50": 0.008567003533244133,
        "end_to_end_ms_p95": 0.008825515396893023,
        "index_memory_bytes": 262144.0,
        "recall_at_1": 1.0,
        "stage_authorization_ms_p50": 0.00030099181458353996,
        "stage_authorization_ms_p95": 0.00032101524993777275,
        "stage_cache_ms_p50": 3.998866304755211e-05,
        "stage_cache_ms_p95": 5.00003807246685e-05,
        "stage_dispatch_ms_p50": 0.000820989953354001,
        "stage_dispatch_ms_p95": 0.0008509960025548935,
        "stage_lookup_ms_p50": 0.0034459808375686407,
        "stage_lookup_ms_p95": 0.003517018922138959,
        "stage_reconstruction_ms_p50": 0.0016929989214986563,
        "stage_reconstruction_ms_p95": 0.0017438651411794126,
        "stage_transfer_ms_p50": 0.00047101639211177826,
        "stage_transfer_ms_p95": 0.00052098766900599
      },
      "hash_index": {
        "authorized_candidates": 1638.0,
        "cache_entries": 0.0,
        "cache_hit_rate": 0.0,
        "component_bytes": 16384.0,
        "end_to_end_ms_p50": 0.04935599281452596,
        "end_to_end_ms_p95": 0.05061649571871385,
        "index_memory_bytes": 26112.0,
        "recall_at_1": 0.71875,
        "stage_authorization_ms_p50": 0.0003099848981946707,
        "stage_authorization_ms_p95": 0.0003309978637844324,